{"cameraMode":{"drawMode":0,"name":"Shaded","section":"Shading Mode"},"sceneLighting":true,"audioPlay":false,"sceneViewState":{"showFog":true,"showMaterialUpdate":false,"showSkybox":false,"showFlares":true,"showImageEffects":true,"showParticleSystems":true},"in2DMode":false,"pivot":{"x":0.3076171875,"y":-1.202819585800171,"z":-8.37045669555664},"rotation":{"x":0.2501959800720215,"y":-0.3149380385875702,"z":0.08644867688417435,"w":0.9114682674407959},"size":74.72200012207031,"orthographic":true}