{"cameraMode":{"drawMode":0,"name":"Shaded","section":"Shading Mode"},"sceneLighting":false,"audioPlay":false,"sceneViewState":{"showFog":true,"showMaterialUpdate":false,"showSkybox":false,"showFlares":true,"showImageEffects":true,"showParticleSystems":true},"in2DMode":false,"pivot":{"x":0.1483149528503418,"y":2.1255249977111818,"z":-4.76837158203125e-7},"rotation":{"x":0.06744025647640228,"y":-0.015861306339502336,"z":0.001073171035386622,"w":0.9976051449775696},"size":3.8266897201538088,"orthographic":false}