{"cameraMode":{"drawMode":0,"name":"Shaded","section":"Shading Mode"},"sceneLighting":false,"audioPlay":false,"sceneViewState":{"showFog":true,"showMaterialUpdate":false,"showSkybox":false,"showFlares":true,"showImageEffects":true,"showParticleSystems":true},"in2DMode":false,"pivot":{"x":0.06319443881511688,"y":1.527999997138977,"z":1.2898385524749756},"rotation":{"x":0.06911292672157288,"y":-0.7212503552436829,"z":0.07273069024085999,"w":0.6853734254837036},"size":0.3425706923007965,"orthographic":true}