{"cameraMode":{"drawMode":0,"name":"Shaded","section":"Shading Mode"},"sceneLighting":false,"audioPlay":false,"sceneViewState":{"showFog":true,"showMaterialUpdate":false,"showSkybox":false,"showFlares":true,"showImageEffects":true,"showParticleSystems":true},"in2DMode":false,"pivot":{"x":1539.4000244140625,"y":353.99810791015627,"z":-26.69490623474121},"rotation":{"x":-0.013492613099515438,"y":-0.03149249404668808,"z":-0.00042629463132470846,"w":0.9994210600852966},"size":468.9986572265625,"orthographic":true}